"0","res_rf
"
"1","  [1]"
"1"," Fail"
"1"," Fail"
"1"," Fail"
"1"," Fail"
"1"," Fail"
"1"," Pass"
"1"," Pass"
"1"," Fail"
"1"," Pass"
"1"," Fail"
"1"," Fail"
"1","
"
"1"," [12]"
"1"," Fail"
"1"," Fail"
"1"," Fail"
"1"," Fail"
"1"," Pass"
"1"," Fail"
"1"," Fail"
"1"," Pass"
"1"," Pass"
"1"," Fail"
"1"," Fail"
"1","
"
"1"," [23]"
"1"," Fail"
"1"," Pass"
"1"," Fail"
"1"," Fail"
"1"," Fail"
"1"," Fail"
"1"," Pass"
"1"," Fail"
"1"," Fail"
"1"," Pass"
"1"," Fail"
"1","
"
"1"," [34]"
"1"," Pass"
"1"," Fail"
"1"," Fail"
"1"," Fail"
"1"," Pass"
"1"," Pass"
"1"," Fail"
"1"," Fail"
"1"," Pass"
"1"," Pass"
"1"," Pass"
"1","
"
"1"," [45]"
"1"," Fail"
"1"," Fail"
"1"," Pass"
"1"," Pass"
"1"," Pass"
"1"," Fail"
"1"," Fail"
"1"," Pass"
"1"," Fail"
"1"," Fail"
"1"," Fail"
"1","
"
"1"," [56]"
"1"," Fail"
"1"," Fail"
"1"," Pass"
"1"," Pass"
"1"," Fail"
"1"," Fail"
"1"," Fail"
"1"," Pass"
"1"," Fail"
"1"," Pass"
"1"," Fail"
"1","
"
"1"," [67]"
"1"," Pass"
"1"," Pass"
"1"," Fail"
"1"," Pass"
"1"," Pass"
"1"," Pass"
"1"," Pass"
"1"," Pass"
"1"," Pass"
"1"," Fail"
"1"," Fail"
"1","
"
"1"," [78]"
"1"," Pass"
"1"," Pass"
"1"," Pass"
"1"," Fail"
"1"," Fail"
"1"," Fail"
"1"," Pass"
"1"," Pass"
"1"," Fail"
"1"," Pass"
"1"," Fail"
"1","
"
"1"," [89]"
"1"," Fail"
"1"," Pass"
"1"," Fail"
"1"," Pass"
"1"," Fail"
"1"," Pass"
"1"," Pass"
"1"," Pass"
"1"," Pass"
"1"," Pass"
"1"," Fail"
"1","
"
"1","[100]"
"1"," Pass"
"1"," Pass"
"1"," Pass"
"1"," Fail"
"1"," Pass"
"1"," Pass"
"1"," Fail"
"1"," Pass"
"1"," Pass"
"1"," Fail"
"1"," Pass"
"1","
"
"1","[111]"
"1"," Fail"
"1"," Pass"
"1"," Pass"
"1"," Pass"
"1"," Fail"
"1"," Pass"
"1"," Pass"
"1"," Pass"
"1"," Pass"
"1"," Fail"
"1"," Pass"
"1","
"
"1","[122]"
"1"," Fail"
"1"," Fail"
"1"," Pass"
"1"," Pass"
"1"," Pass"
"1"," Pass"
"1"," Pass"
"1"," Pass"
"1"," Fail"
"1"," Pass"
"1"," Pass"
"1","
"
"1","[133]"
"1"," Pass"
"1"," Pass"
"1"," Pass"
"1"," Pass"
"1"," Pass"
"1"," Pass"
"1"," Fail"
"1"," Fail"
"1"," Pass"
"1"," Pass"
"1"," Pass"
"1","
"
"1","[144]"
"1"," Pass"
"1"," Pass"
"1"," Fail"
"1"," Pass"
"1"," Pass"
"1"," Pass"
"1"," Pass"
"1"," Pass"
"1"," Fail"
"1"," Pass"
"1"," Pass"
"1","
"
"1","[155]"
"1"," Fail"
"1"," Fail"
"1"," Fail"
"1"," Pass"
"1"," Pass"
"1"," Pass"
"1"," Pass"
"1"," Pass"
"1"," Pass"
"1"," Fail"
"1"," Fail"
"1","
"
"1","[166]"
"1"," Pass"
"1"," Fail"
"1"," Pass"
"1"," Pass"
"1"," Pass"
"1"," Pass"
"1"," Pass"
"1"," Fail"
"1"," Pass"
"1"," Pass"
"1"," Pass"
"1","
"
"1","[177]"
"1"," Pass"
"1"," Pass"
"1"," Fail"
"1"," Pass"
"1"," Fail"
"1"," Pass"
"1"," Fail"
"1"," Pass"
"1"," Fail"
"1"," Pass"
"1"," Pass"
"1","
"
"1","[188]"
"1"," Fail"
"1"," Pass"
"1"," Pass"
"1"," Fail"
"1"," Pass"
"1"," Pass"
"1"," Fail"
"1"," Pass"
"1"," Fail"
"1"," Pass"
"1"," Pass"
"1","
"
"1","[199]"
"1"," Fail"
"1"," Pass"
"1"," Fail"
"1"," Fail"
"1"," Pass"
"1"," Pass"
"1"," Fail"
"1"," Fail"
"1"," Pass"
"1"," Fail"
"1"," Pass"
"1","
"
"1","[210]"
"1"," Fail"
"1"," Pass"
"1"," Pass"
"1"," Fail"
"1"," Pass"
"1"," Fail"
"1"," Fail"
"1"," Pass"
"1"," Fail"
"1"," Fail"
"1"," Fail"
"1","
"
"1","[221]"
"1"," Pass"
"1"," Pass"
"1"," Fail"
"1"," Pass"
"1"," Pass"
"1"," Pass"
"1"," Fail"
"1"," Fail"
"1"," Pass"
"1"," Fail"
"1"," Pass"
"1","
"
"1","[232]"
"1"," Fail"
"1"," Pass"
"1"," Fail"
"1"," Fail"
"1"," Fail"
"1"," Pass"
"1"," Fail"
"1"," Fail"
"1"," Pass"
"1"," Pass"
"1"," Pass"
"1","
"
"1","[243]"
"1"," Fail"
"1"," Pass"
"1"," Pass"
"1"," Fail"
"1"," Fail"
"1"," Fail"
"1"," Fail"
"1"," Pass"
"1"," Pass"
"1"," Fail"
"1"," Pass"
"1","
"
"1","[254]"
"1"," Pass"
"1"," Pass"
"1"," Fail"
"1"," Pass"
"1"," Pass"
"1"," Pass"
"1"," Fail"
"1"," Fail"
"1"," Fail"
"1"," Fail"
"1"," Pass"
"1","
"
"1","[265]"
"1"," Fail"
"1"," Pass"
"1"," Fail"
"1"," Pass"
"1"," Fail"
"1"," Pass"
"1"," Pass"
"1"," Pass"
"1"," Pass"
"1"," Fail"
"1"," Pass"
"1","
"
"1","[276]"
"1"," Fail"
"1"," Pass"
"1"," Fail"
"1"," Fail"
"1"," Pass"
"1"," Pass"
"1"," Fail"
"1"," Fail"
"1"," Fail"
"1"," Pass"
"1"," Pass"
"1","
"
"1","[287]"
"1"," Pass"
"1"," Pass"
"1"," Pass"
"1"," Pass"
"1"," Fail"
"1"," Fail"
"1"," Fail"
"1"," Pass"
"1"," Fail"
"1"," Pass"
"1"," Fail"
"1","
"
"1","[298]"
"1"," Fail"
"1"," Pass"
"1"," Pass"
"1"," Fail"
"1"," Pass"
"1"," Pass"
"1"," Pass"
"1"," Fail"
"1"," Fail"
"1"," Pass"
"1"," Pass"
"1","
"
"1","[309]"
"1"," Pass"
"1"," Pass"
"1"," Pass"
"1"," Fail"
"1"," Fail"
"1"," Fail"
"1"," Pass"
"1"," Fail"
"1"," Fail"
"1"," Fail"
"1"," Pass"
"1","
"
"1","[320]"
"1"," Fail"
"1"," Fail"
"1"," Fail"
"1"," Pass"
"1"," Fail"
"1"," Fail"
"1"," Pass"
"1"," Fail"
"1"," Fail"
"1"," Fail"
"1"," Fail"
"1","
"
"1","[331]"
"1"," Pass"
"1"," Fail"
"1"," Fail"
"1"," Fail"
"1"," Fail"
"1"," Fail"
"1"," Pass"
"1"," Fail"
"1"," Fail"
"1"," Pass"
"1"," Fail"
"1","
"
"1","[342]"
"1"," Fail"
"1"," Fail"
"1"," Pass"
"1"," Fail"
"1"," Fail"
"1"," Fail"
"1"," Fail"
"1"," Pass"
"1"," Fail"
"1"," Fail"
"1"," Fail"
"1","
"
"1","[353]"
"1"," Pass"
"1"," Fail"
"1"," Pass"
"1"," Fail"
"1"," Pass"
"1"," Fail"
"1"," Fail"
"1"," Fail"
"1"," Fail"
"1"," Pass"
"1"," Pass"
"1","
"
"1","[364]"
"1"," Pass"
"1"," Fail"
"1"," Pass"
"1"," Pass"
"1"," Pass"
"1"," Fail"
"1"," Fail"
"1"," Fail"
"1"," Fail"
"1"," Fail"
"1"," Fail"
"1","
"
"1","[375]"
"1"," Fail"
"1"," Fail"
"1"," Fail"
"1"," Fail"
"1"," Pass"
"1"," Fail"
"1"," Pass"
"1"," Fail"
"1"," Pass"
"1"," Fail"
"1"," Pass"
"1","
"
"1","[386]"
"1"," Pass"
"1"," Fail"
"1"," Fail"
"1"," Fail"
"1"," Fail"
"1"," Pass"
"1"," Fail"
"1"," Fail"
"1"," Fail"
"1"," Fail"
"1"," Fail"
"1","
"
"1","[397]"
"1"," Fail"
"1"," Fail"
"1"," Fail"
"1"," Fail"
"1"," Pass"
"1"," Fail"
"1","
"
"1",""
"1","Levels: "
"1",""
"1","Fail Pass"
"1",""
"1","
"
